branch_id,month,active_customers,total_balance,total_transactions,fee_income,interest_income,employee_count,loan_interest_income,revenue,operating_cost,profit,revenue_per_employee
BR001,2023-01,743,818217.2862245587,793,287.03000000000003,6818.33,25,13371.75,20477.11,24077.8,-3600.69,819.08
BR001,2023-02,743,838999.8192105241,867,331.09,6991.7,25,13565.54,20888.33,18559.61,2328.72,835.53
BR001,2023-03,743,860663.0006201711,877,340.13,7172.13,25,13759.34,21271.6,23837.69,-2566.09,850.86
BR001,2023-04,743,872329.9185151142,901,343.82,7269.4,25,13953.13,21566.35,18417.11,3149.24,862.65
BR001,2023-05,743,863137.7522453661,812,300.39,7192.81,25,14146.92,21640.12,21183.79,456.33,865.6
BR001,2023-06,743,854735.3907143302,854,317.45,7122.86,25,14340.72,21781.03,20472.02,1309.01,871.24
BR001,2023-07,739,825562.1266792436,818,313.47,6879.62,25,14534.51,21727.6,19577.76,2149.84,869.1
BR001,2023-08,732,802669.838462794,843,315.11,6688.91,25,14728.3,21732.32,21245.69,486.63,869.29
BR001,2023-09,723,785964.4583339539,731,270.53,6549.72,25,14922.1,21742.35,18402.96,3339.39,869.69
BR001,2023-10,714,789779.8188346135,792,292.27,6581.45,25,15115.89,21989.61,20888.41,1101.2,879.58
BR001,2023-11,708,797441.0241751019,756,272.22,6645.22,25,15309.68,22227.12,23923.29,-1696.17,889.08
BR001,2023-12,702,815592.1667828057,716,265.19,6796.56,25,15503.48,22565.23,24629.83,-2064.6,902.61
BR001,2024-01,695,837001.4894139696,839,317.43,6975.11,25,15697.27,22989.81,19386.26,3603.55,919.59
BR001,2024-02,694,857005.55067012,782,298.76,7141.76,25,15891.06,23331.58,24129.41,-797.83,933.26
BR001,2024-03,681,867992.4912777018,813,298.81,7233.34,25,16084.86,23617.01,23562.45,54.56,944.68
BR001,2024-04,674,869841.9139833628,754,292.12,7248.57,25,16278.65,23819.34,22936.54,882.8,952.77
BR001,2024-05,668,856806.9333698633,803,297.29,7140.07,25,16472.44,23909.8,20123.18,3786.62,956.39
BR001,2024-06,664,845169.4940251638,796,301.31,7043.06,25,16666.24,24010.61,17946.7,6063.91,960.42
BR001,2024-07,659,823636.0441059307,697,261.44,6863.68,25,16860.03,23985.15,18248.65,5736.5,959.41
BR001,2024-08,654,809923.9853543809,710,264.85,6749.43,25,17053.82,24068.1,18899.32,5168.78,962.72
BR001,2024-09,650,811555.5935273623,728,271.37,6762.89,25,17247.62,24281.88,22162.48,2119.4,971.28
BR001,2024-10,644,824836.4771226047,710,274.87,6873.67,25,17441.41,24589.95,17567.05,7022.9,983.6
BR001,2024-11,640,846494.8671657566,757,282.52,7054.19,25,17635.21,24971.92,23534.45,1437.47,998.88
BR001,2024-12,631,878281.8934301651,736,278.88,7318.91,25,17829.0,25426.79,24290.87,1135.92,1017.07
BR002,2023-01,806,934835.9110884744,890,338.14,7790.28,8,16533.66,24662.08,7413.44,17248.64,3082.76
BR002,2023-02,806,966973.6259705761,971,370.42,8058.01,8,16773.28,25201.71,8319.98,16881.73,3150.21
BR002,2023-03,806,984087.8621135403,1030,391.44,8200.73,8,17012.89,25605.06,6363.38,19241.68,3200.63
BR002,2023-04,806,991916.5256165443,1000,382.55,8265.92,8,17252.51,25900.98,6415.77,19485.21,3237.62
BR002,2023-05,806,982411.1413884318,959,357.28,8186.78,8,17492.13,26036.19,7625.79,18410.4,3254.52
BR002,2023-06,806,966032.0986996177,915,348.81,8050.14,8,17731.75,26130.7,8361.93,17768.77,3266.34
BR002,2023-07,798,940432.3580423193,940,349.71,7836.93,8,17971.37,26158.01,6429.69,19728.32,3269.75
BR002,2023-08,792,915728.3393509055,881,335.19,7631.08,8,18210.99,26177.26,6660.61,19516.65,3272.16
BR002,2023-09,788,899701.5948795192,864,326.82,7497.54,8,18450.6,26274.96,7640.93,18634.03,3284.37
BR002,2023-10,783,899597.3719325099,924,349.98,7496.6,8,18690.22,26536.8,6888.49,19648.31,3317.1
BR002,2023-11,777,911061.3879239324,887,323.8,7592.13,8,18929.84,26845.77,7463.51,19382.26,3355.72
BR002,2023-12,773,929937.3012133328,918,355.88,7749.44,8,19169.46,27274.78,7140.99,20133.79,3409.35
BR002,2024-01,766,951632.1343046131,904,338.67,7930.4,8,19409.08,27678.15,7312.87,20365.28,3459.77
BR002,2024-02,754,968961.8960521215,946,356.72,8074.7,8,19648.69,28080.11,7163.96,20916.15,3510.01
BR002,2024-03,744,980097.694996799,879,328.98,8167.5,8,19888.31,28384.79,6935.49,21449.3,3548.1
BR002,2024-04,738,980689.9229057687,852,318.78000000000003,8172.43,8,20127.93,28619.14,7364.15,21254.99,3577.39
BR002,2024-05,733,967353.9351471948,880,327.92,8061.22,8,20367.55,28756.69,6838.37,21918.32,3594.59
BR002,2024-06,725,939554.2875913704,888,336.55,7829.46,8,20607.17,28773.18,8919.03,19854.15,3596.65
BR002,2024-07,717,913253.0657373668,835,306.23,7610.43,8,20846.79,28763.45,6501.17,22262.28,3595.43
BR002,2024-08,709,892805.6321623335,813,306.21,7439.96,8,21086.4,28832.57,6898.09,21934.48,3604.07
BR002,2024-09,700,902213.4068620012,796,295.71,7518.36,8,21326.02,29140.09,7865.78,21274.31,3642.51
BR002,2024-10,691,912245.3076878139,790,300.29,7602.01,8,21565.64,29467.94,6936.38,22531.56,3683.49
BR002,2024-11,684,936696.4854658371,804,301.95,7805.83,8,21805.26,29913.04,7850.23,22062.81,3739.13
BR002,2024-12,678,971912.9343262747,789,284.68,8099.29,8,22044.88,30428.85,8637.09,21791.76,3803.61
BR003,2023-01,799,899309.0904124933,869,322.08,7494.2,32,17904.26,25720.54,28565.34,-2844.8,803.77
BR003,2023-02,799,931899.0742785473,911,345.64,7765.76,32,18163.75,26275.15,28114.89,-1839.74,821.1
BR003,2023-03,799,951126.3028160548,898,337.16,7926.13,32,18423.23,26686.52,23929.86,2756.66,833.95
BR003,2023-04,799,962385.9392223518,901,343.85,8019.87,32,18682.71,27046.43,25958.69,1087.74,845.2
BR003,2023-05,799,956859.3173861684,899,329.58,7973.7,32,18942.19,27245.47,27030.79,214.68,851.42
BR003,2023-06,799,941612.8523336195,918,334.75,7846.76,32,19201.68,27383.19,26171.02,1212.17,855.72
BR003,2023-07,796,918916.1811135426,860,315.67,7657.66,32,19461.16,27434.49,28629.84,-1195.35,857.33
BR003,2023-08,789,889818.4451908432,827,311.79,7415.13,32,19720.64,27447.56,31056.51,-3608.95,857.74
BR003,2023-09,783,881178.6994112853,835,304.25,7343.29,32,19980.12,27627.66,29566.24,-1938.58,863.36
BR003,2023-10,775,883002.9818606499,761,280.74,7358.4,32,20239.6,27878.74,28552.95,-674.21,871.21
BR003,2023-11,768,886388.3986844837,826,314.87,7386.49,32,20499.09,28200.45,27328.64,871.81,881.26
BR003,2023-12,765,915300.2024461926,821,307.59,7627.42,32,20758.57,28693.58,22090.58,6603.0,896.67
BR003,2024-01,762,941648.0392975025,882,332.16,7847.08,32,21018.05,29197.29,29155.55,41.74,912.42
BR003,2024-02,756,977240.545970671,808,297.8,8143.62,32,21277.53,29718.95,24605.09,5113.86,928.72
BR003,2024-03,751,984094.0484435433,888,335.99,8200.76,32,21537.01,30073.76,30808.3,-734.54,939.8
BR003,2024-04,747,986117.7798368654,899,336.78,8217.71,32,21796.5,30350.99,30413.07,-62.08,948.47
BR003,2024-05,736,979978.1274407728,879,323.25,8166.52,32,22055.98,30545.75,22002.43,8543.32,954.55
BR003,2024-06,730,957721.9881734354,827,303.32,7980.89,32,22315.46,30599.67,25390.58,5209.09,956.24
BR003,2024-07,724,942980.1934688129,815,295.49,7858.18,32,22574.94,30728.61,29737.41,991.2,960.27
BR003,2024-08,719,923000.8668285683,710,265.63,7691.55,32,22834.42,30791.6,28288.15,2503.45,962.24
BR003,2024-09,711,915203.4008533576,827,318.35,7626.74,32,23093.91,31039.0,30639.84,399.16,969.97
BR003,2024-10,698,923574.964228911,761,278.3,7696.64,32,23353.39,31328.33,24316.24,7012.09,979.01
BR003,2024-11,690,956876.9269686134,739,278.6,7973.93,32,23612.87,31865.4,25406.12,6459.28,995.79
BR003,2024-12,679,987806.1998831959,762,283.04,8231.64,32,23872.35,32387.03,28498.53,3888.5,1012.09
BR004,2023-01,791,955366.2276238732,910,334.16,7961.34,25,14918.27,23213.77,24697.61,-1483.84,928.55
BR004,2023-02,791,976300.1418552316,908,342.28,8135.87,25,15134.48,23612.63,18355.67,5256.96,944.51
BR004,2023-03,791,991393.6316826098,896,349.29,8261.58,25,15350.69,23961.56,18432.75,5528.81,958.46
BR004,2023-04,791,1006384.3603341135,908,343.16,8386.53,25,15566.89,24296.58,24568.51,-271.93,971.86
BR004,2023-05,791,1002505.6878828857,912,329.44,8354.27,25,15783.1,24466.81,20812.53,3654.28,978.67
BR004,2023-06,791,981187.8588814661,909,342.26,8176.56,25,15999.31,24518.13,23494.94,1023.19,980.73
BR004,2023-07,786,954220.1451675,898,336.2,7951.88,25,16215.52,24503.6,20974.2,3529.4,980.14
BR004,2023-08,775,929729.9950697733,828,303.84,7747.81,25,16431.72,24483.37,21238.17,3245.2,979.33
BR004,2023-09,772,914971.3565195109,810,302.8,7624.83,25,16647.93,24575.56,18412.64,6162.92,983.02
BR004,2023-10,768,915065.1067287032,829,311.36,7625.51,25,16864.14,24801.01,19494.97,5306.04,992.04
BR004,2023-11,762,916651.8316866594,806,303.73,7638.75,25,17080.34,25022.82,23069.57,1953.25,1000.91
BR004,2023-12,751,934661.9405851499,872,325.53,7788.84,25,17296.55,25410.92,21813.39,3597.53,1016.44
BR004,2024-01,745,960312.1111611786,808,305.02,8002.49,25,17512.76,25820.27,21631.77,4188.5,1032.81
BR004,2024-02,739,974705.4276572956,776,293.01,8122.5,25,17728.96,26144.47,19653.8,6490.67,1045.78
BR004,2024-03,734,987320.224358237,823,299.66,8227.66,25,17945.17,26472.49,17801.01,8671.48,1058.9
BR004,2024-04,724,986307.9513587117,790,289.78000000000003,8219.2,25,18161.38,26670.36,23755.4,2914.96,1066.81
BR004,2024-05,715,974881.1864313874,787,294.11,8123.97,25,18377.58,26795.66,22343.58,4452.08,1071.83
BR004,2024-06,710,959637.8788292062,843,314.93,7996.98,25,18593.79,26905.7,17407.12,9498.58,1076.23
BR004,2024-07,703,938859.7641983974,726,266.26,7823.76,25,18810.0,26900.02,19569.7,7330.32,1076.0
BR004,2024-08,694,925920.3022359693,697,259.49,7716.01,25,19026.2,27001.7,17674.55,9327.15,1080.07
BR004,2024-09,689,918010.903213438,735,275.52,7650.05,25,19242.41,27167.98,21153.01,6014.97,1086.72
BR004,2024-10,684,934040.671602911,700,263.49,7783.57,25,19458.62,27505.68,19561.81,7943.87,1100.23
BR004,2024-11,675,958621.7197094605,733,275.52,7988.59,25,19674.83,27938.94,21157.32,6781.62,1117.56
BR004,2024-12,667,991964.4080582344,714,261.37,8266.3,25,19891.03,28418.7,24185.19,4233.51,1136.75
BR005,2023-01,791,985088.607401144,920,356.71,8209.09,27,16619.49,25185.29,22750.15,2435.14,932.79
BR005,2023-02,791,1008899.2469773386,941,353.61,8407.44,27,16860.36,25621.41,20233.46,5387.95,948.94
BR005,2023-03,791,1042265.1046302461,941,362.22,8685.57,27,17101.22,26149.01,24661.21,1487.8,968.48
BR005,2023-04,791,1046477.829732651,972,368.07,8720.58,27,17342.08,26430.73,25765.01,665.72,978.92
BR005,2023-05,791,1037599.9959195834,905,337.41,8646.59,27,17582.94,26566.94,21073.24,5493.7,983.96
BR005,2023-06,791,1013029.6619832435,917,349.65,8441.9,27,17823.81,26615.36,19762.89,6852.47,985.75
BR005,2023-07,783,985800.39416599,847,324.8,8214.9,27,18064.67,26604.37,25621.32,983.05,985.35
BR005,2023-08,772,947336.293271668,825,309.87,7894.52,27,18305.53,26509.92,23682.69,2827.23,981.85
BR005,2023-09,764,927326.5469714055,802,294.8,7727.59,27,18546.39,26568.78,21827.13,4741.65,984.03
BR005,2023-10,749,922467.9709255183,806,306.03,7687.3,27,18787.25,26780.58,22956.53,3824.05,991.87
BR005,2023-11,741,924991.3722030461,814,311.65,7708.25,27,19028.12,27048.02,19284.71,7763.31,1001.78
BR005,2023-12,738,943946.2803653515,807,306.93,7866.14,27,19268.98,27442.05,23534.56,3907.49,1016.37
BR005,2024-01,730,962862.0566397539,842,317.45,8023.88,27,19509.84,27851.17,19359.9,8491.27,1031.52
BR005,2024-02,721,979837.8809177554,800,302.74,8165.36,27,19750.7,28218.8,22321.26,5897.54,1045.14
BR005,2024-03,715,982583.8292584519,841,319.38,8188.11,27,19991.57,28499.06,21470.71,7028.35,1055.52
BR005,2024-04,712,968034.3335319315,848,311.96,8066.96,27,20232.43,28611.35,26344.75,2266.6,1059.68
BR005,2024-05,702,954625.2952706697,804,284.45,7955.24,27,20473.29,28712.98,22573.14,6139.84,1063.44
BR005,2024-06,694,929819.5711453884,753,288.79,7748.48,27,20714.15,28751.42,23560.36,5191.06,1064.87
BR005,2024-07,684,907359.8878324687,763,283.53,7561.31,27,20955.01,28799.85,19078.44,9721.41,1066.66
BR005,2024-08,679,887298.1145293338,719,265.98,7394.21,27,21195.88,28856.07,23692.51,5163.56,1068.74
BR005,2024-09,674,873024.3663070896,724,271.06,7275.13,27,21436.74,28982.93,24740.48,4242.45,1073.44
BR005,2024-10,662,882781.9763644366,660,253.04,7356.54,27,21677.6,29287.18,19757.19,9529.99,1084.71
BR005,2024-11,659,908816.050781432,742,277.05,7573.48,27,21918.46,29768.99,25431.71,4337.28,1102.56
BR005,2024-12,652,938317.3820837976,735,275.02,7819.26,27,22159.33,30253.61,22910.83,7342.78,1120.5
BR006,2023-01,807,906844.31414662,942,354.85,7557.15,25,15688.08,23600.08,21693.16,1906.92,944.0
BR006,2023-02,807,939057.7292360539,899,345.88,7825.49,25,15915.44,24086.81,20686.67,3400.14,963.47
BR006,2023-03,807,958444.2020407394,1002,367.54,7987.08,25,16142.8,24497.42,20337.77,4159.65,979.9
BR006,2023-04,807,963061.2706039655,969,360.21,8025.44,25,16370.17,24755.82,17476.2,7279.62,990.23
BR006,2023-05,807,958855.5412772538,964,374.35,7990.38,25,16597.53,24962.26,18678.59,6283.67,998.49
BR006,2023-06,807,938487.282507122,940,352.4,7820.95,25,16824.89,24998.24,19043.68,5954.56,999.93
BR006,2023-07,799,912787.9988134548,899,332.11,7606.6,25,17052.26,24990.97,23299.84,1691.13,999.64
BR006,2023-08,792,893478.5569537872,895,337.57,7445.72,25,17279.62,25062.91,20330.42,4732.49,1002.52
BR006,2023-09,787,875466.6788300024,864,335.19,7295.58,25,17506.98,25137.75,22459.67,2678.08,1005.51
BR006,2023-10,783,874830.9284041092,843,315.01,7290.21,25,17734.35,25339.57,24173.48,1166.09,1013.58
BR006,2023-11,777,884166.9972894761,846,319.64,7368.16,25,17961.71,25649.51,20868.86,4780.65,1025.98
BR006,2023-12,768,899901.763492583,799,294.85,7499.18,25,18189.07,25983.1,18688.31,7294.79,1039.32
BR006,2024-01,763,928747.3387786553,894,332.1,7739.6,25,18416.44,26488.14,16988.28,9499.86,1059.53
BR006,2024-02,755,942189.6575097741,865,323.63,7851.63,25,18643.8,26819.06,21131.12,5687.94,1072.76
BR006,2024-03,745,957816.8563432703,921,341.54,7981.66,25,18871.16,27194.36,19491.95,7702.41,1087.77
BR006,2024-04,739,948177.5016291719,865,336.18,7901.48,25,19098.53,27336.19,22291.05,5045.14,1093.45
BR006,2024-05,731,932015.8469077843,841,308.75,7766.89,25,19325.89,27401.53,22134.03,5267.5,1096.06
BR006,2024-06,721,909558.9078142387,819,318.34,7579.7300000000005,25,19553.25,27451.32,23595.63,3855.69,1098.05
BR006,2024-07,714,888592.6757594855,760,285.24,7404.95,25,19780.62,27470.81,20662.83,6807.98,1098.83
BR006,2024-08,704,872004.2182003808,782,287.15,7266.64,25,20007.98,27561.77,17919.14,9642.63,1102.47
BR006,2024-09,698,862561.0147329603,739,282.96,7187.96,25,20235.34,27706.26,20220.12,7486.14,1108.25
BR006,2024-10,689,881239.8492367895,755,282.71,7343.6,25,20462.71,28089.02,22619.55,5469.47,1123.56
BR006,2024-11,685,901917.8197406004,755,283.79,7515.83,25,20690.07,28489.69,21517.4,6972.29,1139.59
BR006,2024-12,675,934657.5502993533,761,285.16,7788.74,25,20917.43,28991.33,20749.55,8241.78,1159.65
BR007,2023-01,793,886487.3702542956,835,316.9,7387.24,24,15425.52,23129.66,20397.16,2732.5,963.74
BR007,2023-02,793,912081.9763462284,966,364.79,7600.68,24,15649.08,23614.55,17751.99,5862.56,983.94
BR007,2023-03,793,933713.4330637997,899,335.67,7780.92,24,15872.64,23989.23,17283.54,6705.69,999.55
BR007,2023-04,793,941414.9755797741,956,364.11,7845.07,24,16096.2,24305.38,17824.37,6481.01,1012.72
BR007,2023-05,793,939399.6217883123,966,363.74,7828.33,24,16319.75,24511.82,22122.86,2388.96,1021.33
BR007,2023-06,793,922054.8265318375,884,324.4,7683.8,24,16543.31,24551.51,21885.73,2665.78,1022.98
BR007,2023-07,784,896011.6094967684,892,325.09,7466.88,24,16766.87,24558.84,17338.95,7219.89,1023.28
BR007,2023-08,781,876007.884500233,871,335.61,7299.98,24,16990.43,24626.02,21968.21,2657.81,1026.08
BR007,2023-09,777,871182.0025360929,843,327.19,7259.78,24,17213.99,24800.96,17570.31,7230.65,1033.37
BR007,2023-10,771,873814.7809596006,846,302.98,7281.96,24,17437.55,25022.49,23104.38,1918.11,1042.6
BR007,2023-11,765,883555.6624030687,831,305.41,7363.08,24,17661.1,25329.59,22726.48,2603.11,1055.4
BR007,2023-12,763,912935.4318555655,810,293.44,7607.81,24,17884.66,25785.91,18583.4,7202.51,1074.41
BR007,2024-01,758,937016.7436978049,861,325.23,7808.41,24,18108.22,26241.86,20941.29,5300.57,1093.41
BR007,2024-02,749,959556.6070232786,848,325.88,7996.27,24,18331.78,26653.93,23742.62,2911.31,1110.58
BR007,2024-03,745,968022.3423139761,862,331.19,8066.75,24,18555.34,26953.28,17002.15,9951.13,1123.05
BR007,2024-04,730,960164.2334977916,834,306.41,8001.53,24,18778.89,27086.83,17685.0,9401.83,1128.62
BR007,2024-05,724,954633.5571822845,882,331.22,7955.21,24,19002.45,27288.88,18770.95,8517.93,1137.04
BR007,2024-06,719,929679.79984802,813,303.67,7747.3,24,19226.01,27276.98,17834.77,9442.21,1136.54
BR007,2024-07,708,904900.1887509082,732,268.38,7540.81,24,19449.57,27258.76,17614.18,9644.58,1135.78
BR007,2024-08,702,889150.7481218617,744,285.16,7409.76,24,19673.13,27368.05,17247.95,10120.1,1140.34
BR007,2024-09,697,890013.425812478,718,266.72,7416.74,24,19896.69,27580.15,21667.32,5912.83,1149.17
BR007,2024-10,687,902762.7131320026,675,256.68,7522.89,24,20120.24,27899.81,17121.25,10778.56,1162.49
BR007,2024-11,679,936292.1696393144,781,286.5,7802.33,24,20343.8,28432.63,21785.92,6646.71,1184.69
BR007,2024-12,672,969619.137378325,739,280.35,8080.26,24,20567.36,28927.97,22557.19,6370.78,1205.33
BR008,2023-01,793,892684.1005462167,930,349.94,7439.15,9,16057.71,23846.8,8701.51,15145.29,2649.64
BR008,2023-02,793,925394.4391912323,916,347.75,7711.73,9,16290.43,24349.91,7698.53,16651.38,2705.55
BR008,2023-03,793,946089.6926420477,1029,383.38,7884.01,9,16523.15,24790.54,8308.64,16481.9,2754.5
BR008,2023-04,793,948876.284648838,954,370.74,7907.33,9,16755.87,25033.94,9173.39,15860.55,2781.55
BR008,2023-05,793,941303.3347861136,983,358.08,7844.23,9,16988.59,25190.9,8177.46,17013.44,2798.99
BR008,2023-06,793,923175.2653683964,977,361.71,7693.05,9,17221.31,25276.07,8534.2,16741.87,2808.45
BR008,2023-07,784,898095.8396722442,868,333.96,7484.12,9,17454.03,25272.11,7711.18,17560.93,2808.01
BR008,2023-08,782,877891.7055264857,899,327.45,7315.67,9,17686.75,25329.87,7493.0,17836.87,2814.43
BR008,2023-09,776,862384.0890847163,891,332.17,7186.5,9,17919.47,25438.14,7157.9,18280.24,2826.46
BR008,2023-10,769,866245.6618895177,799,318.59,7218.67,9,18152.19,25689.45,8534.69,17154.76,2854.38
BR008,2023-11,765,874787.8925605959,818,311.78000000000003,7289.96,9,18384.92,25986.66,7104.11,18882.55,2887.41
BR008,2023-12,760,901689.0746029614,864,322.08,7514.25,9,18617.64,26453.97,9850.38,16603.59,2939.33
BR008,2024-01,758,922269.7102336095,899,334.2,7685.55,9,18850.36,26870.11,7382.58,19487.53,2985.57
BR008,2024-02,747,943791.6953885719,880,328.73,7864.81,9,19083.08,27276.62,6940.97,20335.65,3030.74
BR008,2024-03,741,951002.7919400398,961,351.65,7925.01,9,19315.8,27592.46,8258.27,19334.19,3065.83
BR008,2024-04,733,944182.4459769037,836,306.23,7868.1,9,19548.52,27722.85,8040.31,19682.54,3080.32
BR008,2024-05,723,929933.0548614648,837,313.51,7749.41,9,19781.24,27844.16,8758.82,19085.34,3093.8
BR008,2024-06,710,898552.5669400484,807,307.24,7488.02,9,20013.96,27809.22,9482.98,18326.24,3089.91
BR008,2024-07,697,876206.0574835449,805,308.79,7301.76,9,20246.68,27857.23,7269.5,20587.73,3095.25
BR008,2024-08,694,857013.0615270454,727,267.54,7141.75,9,20479.4,27888.69,9213.45,18675.24,3098.74
BR008,2024-09,692,850948.7951795142,712,267.12,7091.18,9,20712.12,28070.42,7573.66,20496.76,3118.94
BR008,2024-10,683,855053.0399292497,744,269.88,7125.58,9,20944.84,28340.3,9788.48,18551.82,3148.92
BR008,2024-11,680,879628.2334969713,728,270.94,7330.17,9,21177.56,28778.67,9712.99,19065.68,3197.63
BR008,2024-12,674,916750.3457457562,808,299.69,7639.67,9,21410.28,29349.64,7271.78,22077.86,3261.07
BR009,2023-01,780,883401.5198891954,866,323.11,7361.75,25,14636.43,22321.29,21023.1,1298.19,892.85
BR009,2023-02,780,908069.4958242583,961,358.64,7567.39,25,14848.55,22774.58,21533.53,1241.05,910.98
BR009,2023-03,780,926025.2270119729,900,345.42,7716.83,25,15060.68,23122.93,17641.9,5481.03,924.92
BR009,2023-04,780,929328.5768086948,878,328.76,7744.38,25,15272.8,23345.94,20454.29,2891.65,933.84
BR009,2023-05,780,919316.1036363145,891,326.65,7661.03,25,15484.92,23472.6,24316.78,-844.18,938.9
BR009,2023-06,780,899995.5250800927,858,335.52,7500.01,25,15697.04,23532.57,19192.75,4339.82,941.3
BR009,2023-07,774,872433.1312646451,843,323.02,7270.29,25,15909.16,23502.47,20303.43,3199.04,940.1
BR009,2023-08,769,846196.601831833,848,320.35,7051.77,25,16121.29,23493.41,22673.59,819.82,939.74
BR009,2023-09,759,831981.1957315092,853,317.73,6933.19,25,16333.41,23584.33,24325.08,-740.75,943.37
BR009,2023-10,752,826511.697494764,836,311.4,6887.44,25,16545.53,23744.37,23503.62,240.75,949.77
BR009,2023-11,745,841901.2383249581,841,312.94,7015.84,25,16757.65,24086.43,17847.32,6239.11,963.46
BR009,2023-12,741,852751.680788242,815,297.21,7106.18,25,16969.77,24373.16,17974.13,6399.03,974.93
BR009,2024-01,737,877603.5846327677,793,293.11,7313.37,25,17181.9,24788.38,21108.95,3679.43,991.54
BR009,2024-02,732,895498.8626401767,872,331.43,7462.46,25,17394.02,25187.91,24491.82,696.09,1007.52
BR009,2024-03,725,914107.5306779426,823,307.74,7617.57,25,17606.14,25531.45,18713.28,6818.17,1021.26
BR009,2024-04,717,900688.7643912359,824,304.87,7505.97,25,17818.26,25629.1,21975.65,3653.45,1025.16
BR009,2024-05,711,887836.3700440754,817,303.64,7398.74,25,18030.39,25732.77,21712.68,4020.09,1029.31
BR009,2024-06,707,864481.6066419015,772,288.93,7204.17,25,18242.51,25735.61,18192.37,7543.24,1029.42
BR009,2024-07,703,834648.2359170731,774,287.76,6955.38,25,18454.63,25697.77,24395.71,1302.06,1027.91
BR009,2024-08,693,809851.0207376337,683,255.43,6748.86,25,18666.75,25671.04,19368.12,6302.92,1026.84
BR009,2024-09,683,805590.0229330914,733,284.15,6713.24,25,18878.87,25876.26,24280.39,1595.87,1035.05
BR009,2024-10,679,814360.0531363385,725,278.59,6786.32,25,19091.0,26155.91,24620.67,1535.24,1046.24
BR009,2024-11,672,830938.8544171491,751,282.64,6924.4,25,19303.12,26510.16,24108.75,2401.41,1060.41
BR009,2024-12,665,860803.4042288576,756,284.22,7173.36,25,19515.24,26972.82,20754.36,6218.46,1078.91
BR010,2023-01,808,936710.5329761402,936,348.75,7806.0,33,16849.82,25004.57,29095.6,-4091.03,757.71
BR010,2023-02,808,958758.2699605186,925,334.33,7989.68,33,17094.02,25418.03,28122.12,-2704.09,770.24
BR010,2023-03,808,984726.5329766779,943,372.68,8206.07,33,17338.22,25916.97,26557.97,-641.0,785.36
BR010,2023-04,808,996879.203334174,965,365.11,8307.23,33,17582.42,26254.76,23243.48,3011.28,795.6
BR010,2023-05,808,993942.8485861442,917,344.29,8282.9,33,17826.62,26453.81,23422.64,3031.17,801.63
BR010,2023-06,808,973941.2588464238,900,325.07,8116.1,33,18070.82,26511.99,22835.3,3676.69,803.39
BR010,2023-07,806,945991.3590761046,937,338.21,7883.25,33,18315.02,26536.48,28338.34,-1801.86,804.14
BR010,2023-08,799,927520.5774404012,861,327.89,7729.45,33,18559.22,26616.56,31902.11,-5285.55,806.56
BR010,2023-09,789,911213.3341721544,861,317.8,7593.24,33,18803.42,26714.46,25965.65,748.81,809.53
BR010,2023-10,779,913050.0533007376,799,307.2,7608.62,33,19047.62,26963.44,23921.7,3041.74,817.07
BR010,2023-11,775,924700.9392560911,815,315.81,7705.96,33,19291.82,27313.59,25642.94,1670.65,827.68
BR010,2023-12,764,955698.5417652396,860,312.32,7964.28,33,19536.02,27812.62,26603.28,1209.34,842.81
BR010,2024-01,759,978629.4935957659,913,352.09,8155.19,33,19780.22,28287.5,27665.54,621.96,857.2
BR010,2024-02,755,1007528.9872468701,876,334.12,8396.18,33,20024.42,28754.72,28989.14,-234.42,871.36
BR010,2024-03,750,1022604.5855067963,888,339.86,8521.74,33,20268.62,29130.22,29098.94,31.28,882.73
BR010,2024-04,743,1022612.2271047805,943,352.11,8521.84,33,20512.82,29386.77,24947.74,4439.03,890.51
BR010,2024-05,737,999072.983162751,864,315.04,8325.61,33,20757.02,29397.67,27367.33,2030.34,890.84
BR010,2024-06,732,981974.0234191668,833,302.89,8183.08,33,21001.22,29487.19,24464.99,5022.2,893.55
BR010,2024-07,718,953555.767471099,865,331.09,7946.28,33,21245.42,29522.79,25319.69,4203.1,894.63
BR010,2024-08,708,943134.7517187726,784,297.45,7859.31,33,21489.62,29646.38,31037.65,-1391.27,898.38
BR010,2024-09,702,934061.6300107877,767,290.64,7783.87,33,21733.82,29808.33,26074.4,3733.93,903.28
BR010,2024-10,697,946753.5207983123,766,295.18,7889.65,33,21978.02,30162.85,30240.98,-78.13,914.03
BR010,2024-11,692,979824.6156404602,766,301.55,8165.19,33,22222.22,30688.96,24868.23,5820.73,929.97
BR010,2024-12,684,1009837.5006533536,784,294.65,8415.23,33,22466.42,31176.3,28598.74,2577.56,944.74
BR011,2023-01,794,917005.988003052,952,358.13,7641.79,16,15240.35,23240.27,15586.69,7653.58,1452.52
BR011,2023-02,794,938902.25058117,913,340.28,7824.2,16,15461.23,23625.71,15457.35,8168.36,1476.61
BR011,2023-03,794,958209.6469169981,966,357.56,7985.11,16,15682.1,24024.77,14051.6,9973.17,1501.55
BR011,2023-04,794,964187.0266564521,903,343.71,8034.89,16,15902.98,24281.58,13383.05,10898.53,1517.6
BR011,2023-05,794,957619.7941170364,978,372.66,7980.12,16,16123.85,24476.63,13220.3,11256.33,1529.79
BR011,2023-06,794,926282.3273490412,927,339.96,7718.97,16,16344.72,24403.65,14586.27,9817.38,1525.23
BR011,2023-07,785,896191.465382945,888,333.37,7468.22,16,16565.6,24367.19,13224.82,11142.37,1522.95
BR011,2023-08,778,863177.1566722416,839,314.86,7193.26,16,16786.47,24294.59,15771.41,8523.18,1518.41
BR011,2023-09,768,842836.4482907912,877,324.69,7023.63,16,17007.35,24355.67,13922.41,10433.26,1522.23
BR011,2023-10,761,840899.3471477259,814,289.83,7007.51,16,17228.22,24525.56,12929.91,11595.65,1532.85
BR011,2023-11,754,849919.7582483826,831,307.38,7082.74,16,17449.1,24839.22,13698.32,11140.9,1552.45
BR011,2023-12,744,862649.6125115497,882,336.55,7188.68,16,17669.97,25195.2,13413.49,11781.71,1574.7
BR011,2024-01,740,879916.8243411367,915,337.14,7332.69,16,17890.85,25560.68,14362.03,11198.65,1597.54
BR011,2024-02,733,903594.7294124641,896,320.13,7529.97,16,18111.72,25961.82,13912.45,12049.37,1622.61
BR011,2024-03,723,909347.1822686243,866,333.55,7577.82,16,18332.6,26243.97,11525.27,14718.7,1640.25
BR011,2024-04,716,903642.7854875823,892,346.32,7530.43,16,18553.47,26430.22,11604.74,14825.48,1651.89
BR011,2024-05,705,886457.5784737616,816,304.48,7387.11,16,18774.35,26465.94,14075.62,12390.32,1654.12
BR011,2024-06,697,858739.5742326321,823,312.4,7156.17,16,18995.22,26463.79,12130.69,14333.1,1653.99
BR011,2024-07,687,830905.0780258449,789,285.26,6924.05,16,19216.1,26425.41,15440.69,10984.72,1651.59
BR011,2024-08,675,813907.3221114934,819,324.47,6782.71,16,19436.97,26544.15,12511.09,14033.06,1659.01
BR011,2024-09,671,805995.3605463352,737,268.99,6716.72,16,19657.84,26643.55,13936.08,12707.47,1665.22
BR011,2024-10,668,819782.5493580184,703,262.43,6831.54,16,19878.72,26972.69,15047.55,11925.14,1685.79
BR011,2024-11,662,847526.4883111818,753,279.27,7062.67,16,20099.59,27441.53,11357.02,16084.51,1715.1
BR011,2024-12,655,874081.8693569498,798,296.99,7284.03,16,20320.47,27901.49,13422.09,14479.4,1743.84
BR012,2023-01,843,989133.51949038,974,365.59,8242.67,26,16780.72,25388.98,25037.38,351.6,976.5
BR012,2023-02,843,1027027.4869599702,1040,380.81,8558.48,26,17023.92,25963.21,25268.93,694.28,998.58
BR012,2023-03,843,1052695.388274232,1025,396.21,8772.52,26,17267.12,26435.85,23255.28,3180.57,1016.76
BR012,2023-04,843,1057175.4302956995,995,364.17,8809.84,26,17510.32,26684.33,21926.09,4758.24,1026.32
BR012,2023-05,843,1049445.817312651,986,378.09,8745.22,26,17753.52,26876.83,23701.4,3175.43,1033.72
BR012,2023-06,843,1029223.0068059545,1024,394.2,8577.02,26,17996.71,26967.93,22206.06,4761.87,1037.23
BR012,2023-07,836,1002620.5941491347,968,358.05,8355.26,26,18239.91,26953.22,19147.0,7806.22,1036.66
BR012,2023-08,833,977851.3927767412,927,341.39,8148.75,26,18483.11,26973.25,19452.65,7520.6,1037.43
BR012,2023-09,825,956518.8746463931,885,341.97,7970.99,26,18726.31,27039.27,19244.62,7794.65,1039.97
BR012,2023-10,814,951940.8454215252,843,317.25,7932.7300000000005,26,18969.51,27219.49,25675.84,1543.65,1046.9
BR012,2023-11,808,967910.3760309492,891,333.16,8066.01,26,19212.71,27611.88,22676.78,4935.1,1062.0
BR012,2023-12,801,990169.3049316858,940,346.2,8251.36,26,19455.91,28053.47,24167.7,3885.77,1078.98
BR012,2024-01,799,1023738.186261991,946,356.51,8531.2,26,19699.11,28586.82,22915.89,5670.93,1099.49
BR012,2024-02,792,1053486.4073149343,922,348.24,8779.0,26,19942.31,29069.55,25219.05,3850.5,1118.06
BR012,2024-03,789,1071257.2155288542,975,361.52,8927.19,26,20185.5,29474.21,25388.58,4085.63,1133.62
BR012,2024-04,787,1068582.9417335093,903,333.31,8904.76,26,20428.7,29666.77,18594.77,11072.0,1141.03
BR012,2024-05,780,1055262.4392713103,914,342.48,8793.89,26,20671.9,29808.27,22213.04,7595.23,1146.47
BR012,2024-06,773,1031235.1810123572,896,330.48,8593.56,26,20915.1,29839.14,24556.89,5282.25,1147.66
BR012,2024-07,762,1008575.3913453843,841,311.6,8404.9,26,21158.3,29874.8,23475.94,6398.86,1149.03
BR012,2024-08,755,989470.0133321553,796,306.97,8245.4,26,21401.5,29953.87,25182.2,4771.67,1152.07
BR012,2024-09,751,984646.7518349724,775,288.46,8205.37,26,21644.7,30138.53,20390.14,9748.39,1159.17
BR012,2024-10,742,986529.1087310801,819,298.77,8221.06,26,21887.9,30407.73,21287.03,9120.7,1169.53
BR012,2024-11,737,1020941.8185761835,857,322.62,8507.83,26,22131.1,30961.55,22797.6,8163.95,1190.83
BR012,2024-12,729,1056136.9173022,794,294.74,8801.16,26,22374.29,31470.19,19790.55,11679.64,1210.39
BR013,2023-01,804,950872.5917267092,883,336.33,7923.95,7,16986.35,25246.63,6433.4,18813.23,3606.66
BR013,2023-02,804,981100.6961217134,953,366.65,8175.81,7,17232.53,25774.99,7134.63,18640.36,3682.14
BR013,2023-03,804,1005946.5181736317,935,352.69,8382.83,7,17478.71,26214.23,6269.57,19944.66,3744.89
BR013,2023-04,804,1006774.8341214731,958,364.53,8389.82,7,17724.89,26479.24,6370.11,20109.13,3782.75
BR013,2023-05,804,992367.1096933525,923,344.66,8269.75,7,17971.07,26585.48,5922.77,20662.71,3797.93
BR013,2023-06,804,966671.2356638049,915,342.13,8055.64,7,18217.25,26615.02,6134.47,20480.55,3802.15
BR013,2023-07,794,938775.7770628651,859,323.55,7823.1900000000005,7,18463.43,26610.17,6607.02,20003.15,3801.45
BR013,2023-08,785,909859.5699298732,851,319.02,7582.19,7,18709.61,26610.82,6494.17,20116.65,3801.55
BR013,2023-09,776,889454.8528751754,833,312.33,7412.04,7,18955.78,26680.15,5654.72,21025.43,3811.45
BR013,2023-10,769,896314.0598420236,814,305.81,7469.17,7,19201.96,26976.94,6967.95,20008.99,3853.85
BR013,2023-11,767,905705.8303302529,830,310.68,7547.45,7,19448.14,27306.27,7692.52,19613.75,3900.9
BR013,2023-12,760,926011.1017765764,814,314.92,7716.72,7,19694.32,27725.96,6902.7,20823.26,3960.85
BR013,2024-01,754,955434.8084781317,852,318.17,7961.76,7,19940.5,28220.43,7785.88,20434.55,4031.49
BR013,2024-02,750,966808.5515632014,855,325.55,8056.68,7,20186.68,28568.91,7676.81,20892.1,4081.27
BR013,2024-03,739,983233.8604589325,986,372.02,8193.65,7,20432.86,28998.53,6627.42,22371.11,4142.65
BR013,2024-04,736,985883.586426828,869,321.28,8215.78,7,20679.04,29216.1,6195.84,23020.26,4173.73
BR013,2024-05,733,973671.7760190213,790,296.02,8113.81,7,20925.22,29335.05,5823.01,23512.04,4190.72
BR013,2024-06,727,949169.5191876875,831,311.99,7909.7,7,21171.4,29393.09,6833.34,22559.75,4199.01
BR013,2024-07,720,925588.2562670729,795,295.73,7713.24,7,21417.57,29426.54,5397.59,24028.95,4203.79
BR013,2024-08,714,911347.8411941809,751,278.43,7594.67,7,21663.75,29536.85,7084.23,22452.62,4219.55
BR013,2024-09,707,901048.4530077319,723,261.75,7508.78,7,21909.93,29680.46,5469.35,24211.11,4240.07
BR013,2024-10,698,908208.7052470731,751,284.41,7568.49,7,22156.11,30009.01,6789.53,23219.48,4287.0
BR013,2024-11,688,932933.3418757109,740,279.21,7774.41,7,22402.29,30455.91,7235.94,23219.97,4350.84
BR013,2024-12,678,963011.7650597356,735,266.8,8025.07,7,22648.47,30940.34,6026.4,24913.94,4420.05
BR014,2023-01,770,874569.8087224142,890,332.95,7288.19,17,14120.09,21741.23,14744.03,6997.2,1278.9
BR014,2023-02,770,899458.9824218843,954,363.36,7495.53,17,14324.73,22183.62,12937.72,9245.9,1304.92
BR014,2023-03,770,917621.7481703365,936,353.42,7646.92,17,14529.37,22529.71,12986.62,9543.09,1325.28
BR014,2023-04,770,919226.3460975818,1045,390.87,7660.17,17,14734.01,22785.05,14996.32,7788.73,1340.3
BR014,2023-05,770,909390.599669894,984,376.25,7578.22,17,14938.65,22893.12,14427.38,8465.74,1346.65
BR014,2023-06,770,890746.0599900453,862,316.44,7422.97,17,15143.29,22882.7,12856.52,10026.18,1346.04
BR014,2023-07,762,856030.2906369483,897,352.9,7133.7,17,15347.93,22834.53,15430.55,7403.98,1343.21
BR014,2023-08,755,831584.5754644232,816,301.52,6929.83,17,15552.57,22783.92,12647.83,10136.09,1340.23
BR014,2023-09,746,813088.8435700231,755,292.5,6775.74,17,15757.2,22825.44,15722.22,7103.22,1342.67
BR014,2023-10,736,813993.6831620929,805,296.78,6783.23,17,15961.84,23041.85,13161.86,9879.99,1355.4
BR014,2023-11,732,816724.3330297358,720,270.15,6806.1,17,16166.48,23242.73,14176.31,9066.42,1367.22
BR014,2023-12,726,829866.709083028,816,307.37,6915.54,17,16371.12,23594.03,15062.23,8531.8,1387.88
BR014,2024-01,715,844658.8627753502,802,289.7,7038.86,17,16575.76,23904.32,12554.64,11349.68,1406.14
BR014,2024-02,708,866360.6837910734,817,301.67,7219.7699999999995,17,16780.4,24301.84,12389.71,11912.13,1429.52
BR014,2024-03,701,877269.4456577079,877,330.5,7310.69,17,16985.04,24626.23,16293.28,8332.95,1448.6
BR014,2024-04,696,877468.6217962928,833,315.18,7312.2,17,17189.68,24817.06,16745.15,8071.91,1459.83
BR014,2024-05,693,859913.5908648734,787,301.53,7166.04,17,17394.32,24861.89,15673.89,9188.0,1462.46
BR014,2024-06,683,835909.5794359008,768,290.86,6965.88,17,17598.96,24855.7,15766.52,9089.18,1462.1
BR014,2024-07,674,810945.9459665733,689,252.95,6757.82,17,17803.59,24814.36,14321.49,10492.87,1459.67
BR014,2024-08,666,792405.6512209107,777,296.36,6603.32,17,18008.23,24907.91,14235.35,10672.56,1465.17
BR014,2024-09,657,780640.5508190156,687,260.58,6505.32,17,18212.87,24978.77,13609.14,11369.63,1469.34
BR014,2024-10,650,781686.4790109295,708,262.26,6514.0,17,18417.51,25193.77,14690.92,10502.85,1481.99
BR014,2024-11,643,801065.82056929,713,262.82,6675.59,17,18622.15,25560.56,12815.56,12745.0,1503.56
BR014,2024-12,636,825600.8634792288,745,288.33,6880.06,17,18826.79,25995.18,13555.76,12439.42,1529.13
BR015,2023-01,815,927250.0143716965,938,355.95,7726.87,20,15675.27,23758.09,16383.96,7374.13,1187.9
BR015,2023-02,815,963221.4507485003,954,350.82,8026.85,20,15902.45,24280.12,18984.44,5295.68,1214.01
BR015,2023-03,815,986198.1300019342,1035,396.53,8218.35,20,16129.63,24744.51,19828.56,4915.95,1237.23
BR015,2023-04,815,986253.416039712,981,359.38,8218.8,20,16356.81,24934.99,16162.96,8772.03,1246.75
BR015,2023-05,815,978851.9879005469,965,365.65,8157.31,20,16583.99,25106.95,17489.07,7617.88,1255.35
BR015,2023-06,815,954866.8926918862,880,316.8,7957.14,20,16811.16,25085.1,19353.9,5731.2,1254.25
BR015,2023-07,805,929583.1620057939,885,328.21,7746.67,20,17038.34,25113.22,18684.65,6428.57,1255.66
BR015,2023-08,796,911023.7542827114,848,314.62,7591.82,20,17265.52,25171.96,17639.63,7532.33,1258.6
BR015,2023-09,792,895580.9679388164,871,344.57,7463.17,20,17492.7,25300.44,16387.37,8913.07,1265.02
BR015,2023-10,787,903941.5873798899,889,324.21,7532.89,20,17719.88,25576.98,18129.87,7447.11,1278.85
BR015,2023-11,783,911578.277737592,773,287.25,7596.6,20,17947.05,25830.9,13753.52,12077.38,1291.54
BR015,2023-12,775,933434.7394706169,872,330.9,7778.61,20,18174.23,26283.74,19896.94,6386.8,1314.19
BR015,2024-01,771,965371.0516813601,876,339.71,8044.87,20,18401.41,26785.99,20016.16,6769.83,1339.3
BR015,2024-02,760,992836.3163554975,882,323.64,8273.64,20,18628.59,27225.87,14572.15,12653.72,1361.29
BR015,2024-03,755,1008387.2568053688,843,321.9,8403.12,20,18855.77,27580.79,13716.65,13864.14,1379.04
BR015,2024-04,748,1006834.3422114311,891,332.05,8390.32,20,19082.94,27805.31,15820.32,11984.99,1390.27
BR015,2024-05,736,994084.473447535,829,312.51,8283.95,20,19310.12,27906.58,14775.36,13131.22,1395.33
BR015,2024-06,732,969312.6979795144,872,322.56,8077.47,20,19537.3,27937.33,17794.54,10142.79,1396.87
BR015,2024-07,726,948389.8380854691,788,289.16,7903.06,20,19764.48,27956.7,19038.18,8918.52,1397.84
BR015,2024-08,721,934950.3555761613,770,299.41,7791.3,20,19991.65,28082.36,15405.16,12677.2,1404.12
BR015,2024-09,710,930208.5847624885,797,297.3,7751.8,20,20218.83,28267.93,16074.77,12193.16,1413.4
BR015,2024-10,705,953023.2149161928,710,261.43,7941.8,20,20446.01,28649.24,14958.53,13690.71,1432.46
BR015,2024-11,698,978686.3032299295,747,276.73,8155.66,20,20673.19,29105.58,14446.84,14658.74,1455.28
BR015,2024-12,687,1017850.8725405108,840,325.65,8482.2,20,20900.37,29708.22,18094.7,11613.52,1485.41
BR016,2023-01,833,1021151.5422683303,942,350.64,8509.66,39,19397.36,28257.66,31558.24,-3300.58,724.56
BR016,2023-02,833,1051866.4476788437,1002,366.22,8765.53,39,19678.49,28810.24,26779.05,2031.19,738.72
BR016,2023-03,833,1074671.5116498186,1028,389.5,8955.61,39,19959.61,29304.72,30274.86,-970.14,751.4
BR016,2023-04,833,1078768.5733014657,1015,375.17,8989.76,39,20240.73,29605.66,26861.8,2743.86,759.12
BR016,2023-05,833,1069474.1570564199,987,372.33,8912.22,39,20521.85,29806.4,33108.92,-3302.52,764.27
BR016,2023-06,833,1043121.1776985767,956,360.65,8692.539999999999,39,20802.97,29856.16,33948.62,-4092.46,765.54
BR016,2023-07,825,1002921.8275458604,948,347.01,8357.87,39,21084.09,29788.97,35345.37,-5556.4,763.82
BR016,2023-08,816,976120.6751621317,903,330.3,8134.25,39,21365.21,29829.76,33746.71,-3916.95,764.87
BR016,2023-09,807,954181.201772052,881,332.2,7951.56,39,21646.33,29930.09,36893.4,-6963.31,767.44
BR016,2023-10,799,957235.757327559,874,336.64,7976.92,39,21927.46,30241.02,28645.94,1595.08,775.41
BR016,2023-11,792,955653.5374111253,895,330.94,7963.84,39,22208.58,30503.36,26687.0,3816.36,782.14
BR016,2023-12,782,974047.0026704362,815,314.91,8117.07,39,22489.7,30921.68,34284.78,-3363.1,792.86
BR016,2024-01,772,991148.2692990146,879,327.23,8259.42,39,22770.82,31357.47,31649.5,-292.03,804.04
BR016,2024-02,760,1003333.5215787062,917,350.85,8361.13,39,23051.94,31763.92,27164.61,4599.31,814.46
BR016,2024-03,751,1006171.1156871016,911,339.0,8384.75,39,23333.06,32056.81,28905.77,3151.04,821.97
BR016,2024-04,744,995280.1680100579,896,346.1,8294.01,39,23614.18,32254.29,26661.19,5593.1,827.03
BR016,2024-05,737,975869.7595251343,877,318.89,8132.36,39,23895.3,32346.55,32755.29,-408.74,829.4
BR016,2024-06,725,955947.6867230909,788,295.97,7966.25,39,24176.42,32438.64,28625.22,3813.42,831.76
BR016,2024-07,718,926395.4817769179,842,313.7,7719.9,39,24457.55,32491.15,26206.22,6284.93,833.11
BR016,2024-08,715,911281.8498304877,779,278.4,7593.95,39,24738.67,32611.02,34742.23,-2131.21,836.18
BR016,2024-09,707,907214.5711572398,774,284.13,7560.11,39,25019.79,32864.03,35768.65,-2904.62,842.67
BR016,2024-10,701,912047.3366469556,757,292.24,7600.32,39,25300.91,33193.47,35127.76,-1934.29,851.11
BR016,2024-11,696,941006.6243332124,782,302.97,7841.77,39,25582.03,33726.77,32145.07,1581.7,864.79
BR016,2024-12,688,968562.4950426766,796,297.52,8071.43,39,25863.15,34232.1,36298.98,-2066.88,877.75
BR017,2023-01,837,1034417.9092816989,948,349.66,8620.06,13,17229.37,26199.09,9845.92,16353.17,2015.31
BR017,2023-02,837,1059850.554347218,959,359.52,8832.22,13,17479.07,26670.81,10718.07,15952.74,2051.6
BR017,2023-03,837,1083060.780681597,928,348.92,9025.47,13,17728.77,27103.16,11822.82,15280.34,2084.86
BR017,2023-04,837,1092916.3322707356,969,379.48,9107.74,13,17978.48,27465.7,9697.18,17768.52,2112.75
BR017,2023-05,837,1084026.3445581533,965,358.38,9033.46,13,18228.18,27620.02,11855.94,15764.08,2124.62
BR017,2023-06,837,1062809.2823528606,915,340.67,8856.98,13,18477.88,27675.53,12604.6,15070.93,2128.89
BR017,2023-07,831,1034861.9367945525,892,336.14,8623.84,13,18727.58,27687.56,11070.8,16616.76,2129.81
BR017,2023-08,821,1003964.2133730357,874,328.46,8366.5,13,18977.28,27672.24,12554.05,15118.19,2128.63
BR017,2023-09,814,987111.6564202616,868,321.97,8226.0,13,19226.98,27774.95,10319.48,17455.47,2136.53
BR017,2023-10,809,981732.991054852,828,316.01,8181.26,13,19476.68,27973.95,10708.43,17265.52,2151.84
BR017,2023-11,798,991077.7555164031,823,303.94,8258.93,13,19726.38,28289.25,11949.41,16339.84,2176.1
BR017,2023-12,790,1010029.705296753,881,330.67,8416.99,13,19976.08,28723.74,9445.43,19278.31,2209.52
BR017,2024-01,783,1044259.1303465895,866,333.05,8702.08,13,20225.78,29260.91,9357.55,19903.36,2250.84
BR017,2024-02,772,1070916.3074319493,877,334.3,8924.35,13,20475.49,29734.14,12496.05,17238.09,2287.24
BR017,2024-03,763,1082458.492669797,845,313.04,9020.49,13,20725.19,30058.72,11027.51,19031.21,2312.21
BR017,2024-04,757,1080265.223131226,853,305.65,9002.19,13,20974.89,30282.73,12983.83,17298.9,2329.44
BR017,2024-05,746,1065082.733466819,842,316.5,8875.76,13,21224.59,30416.85,10391.43,20025.42,2339.76
BR017,2024-06,733,1042746.6086727321,828,302.53,8689.37,13,21474.29,30466.19,10948.62,19517.57,2343.55
BR017,2024-07,731,1014422.4470691484,807,310.14,8453.44,13,21723.99,30487.57,12699.68,17787.89,2345.2
BR017,2024-08,724,990552.2159359351,781,302.99,8254.56,13,21973.69,30531.24,12311.06,18220.18,2348.56
BR017,2024-09,715,985759.2884743012,723,262.84,8214.69,13,22223.39,30700.92,11515.22,19185.7,2361.61
BR017,2024-10,709,987770.7280465965,681,256.91,8231.48,13,22473.09,30961.48,10249.91,20711.57,2381.65
BR017,2024-11,698,1022783.2549481435,741,281.41,8523.11,13,22722.8,31527.32,11785.38,19741.94,2425.18
BR017,2024-12,691,1062522.508641595,731,263.59,8854.42,13,22972.5,32090.51,11801.58,20288.93,2468.5
BR018,2023-01,830,966339.2689370121,945,357.71,8052.64,15,18468.54,26878.89,12985.18,13893.71,1791.93
BR018,2023-02,830,988433.5742688867,992,370.59,8236.82,15,18736.2,27343.61,14243.14,13100.47,1822.91
BR018,2023-03,830,1014532.4237885351,994,364.57,8454.48,15,19003.86,27822.91,13444.17,14378.74,1854.86
BR018,2023-04,830,1022088.2855208763,1004,380.17,8517.36,15,19271.52,28169.05,13823.19,14345.86,1877.94
BR018,2023-05,830,1015123.2451044729,1038,381.92,8459.22,15,19539.18,28380.32,12081.61,16298.71,1892.02
BR018,2023-06,830,989218.2188524383,956,377.23,8243.6,15,19806.84,28427.67,13381.61,15046.06,1895.18
BR018,2023-07,821,961570.1467314552,912,348.41,8013.06,15,20074.5,28435.97,13085.89,15350.08,1895.73
BR018,2023-08,810,930562.1076422329,860,319.1,7754.67,15,20342.16,28415.93,12274.98,16140.95,1894.4
BR018,2023-09,800,909401.8878301546,822,307.78000000000003,7578.29,15,20609.82,28495.89,15218.26,13277.63,1899.73
BR018,2023-10,787,899369.3305337569,870,314.74,7494.7,15,20877.48,28686.92,12253.65,16433.27,1912.46
BR018,2023-11,778,908412.1707448428,886,335.49,7570.14,15,21145.14,29050.77,14312.24,14738.53,1936.72
BR018,2023-12,767,923382.0234679392,921,350.07,7694.84,15,21412.8,29457.71,14261.48,15196.23,1963.85
BR018,2024-01,760,956836.3021439213,917,348.86,7973.73,15,21680.46,30003.05,13138.14,16864.91,2000.2
BR018,2024-02,749,972469.99376515,875,320.28000000000003,8104.05,15,21948.12,30372.45,14132.94,16239.51,2024.83
BR018,2024-03,742,991921.2074717262,863,325.95,8266.02,15,22215.78,30807.75,14710.01,16097.74,2053.85
BR018,2024-04,736,986305.4689369868,867,321.6,8219.14,15,22483.44,31024.18,13222.87,17801.31,2068.28
BR018,2024-05,731,974571.7465610048,865,325.73,8121.54,15,22751.1,31198.37,13046.04,18152.33,2079.89
BR018,2024-06,722,944165.4568041784,807,296.27,7867.97,15,23018.76,31183.0,13716.34,17466.66,2078.87
BR018,2024-07,709,917773.6449101862,755,283.38,7648.04,15,23286.42,31217.84,11371.64,19846.2,2081.19
BR018,2024-08,705,903532.5704129133,788,294.54,7529.42,15,23554.08,31378.04,11059.01,20319.03,2091.87
BR018,2024-09,698,896727.2009013266,811,305.39,7472.78,15,23821.74,31599.91,13313.15,18286.76,2106.66
BR018,2024-10,689,904140.095793013,749,286.54,7534.48,15,24089.4,31910.42,14274.98,17635.44,2127.36
BR018,2024-11,686,931014.7582386242,788,306.7,7758.51,15,24357.06,32422.27,14372.27,18050.0,2161.48
BR018,2024-12,682,972642.6439654247,803,309.42,8105.42,15,24624.72,33039.56,14154.27,18885.29,2202.64
BR019,2023-01,768,913959.4428262196,845,308.58,7616.32,19,15001.84,22926.74,16709.41,6217.33,1206.67
BR019,2023-02,768,942889.0972442344,940,350.74,7857.58,19,15219.26,23427.58,16009.1,7418.48,1233.03
BR019,2023-03,768,959224.2300833678,956,359.03,7993.6,19,15436.67,23789.3,14175.82,9613.48,1252.07
BR019,2023-04,768,972595.0888192999,916,341.46,8105.08,19,15654.09,24100.63,17025.7,7074.93,1268.45
BR019,2023-05,768,965244.5301967764,909,340.8,8043.64,19,15871.51,24255.95,18726.68,5529.27,1276.63
BR019,2023-06,768,954081.4338881408,852,323.73,7950.71,19,16088.93,24363.37,13882.63,10480.74,1282.28
BR019,2023-07,767,934532.5891345303,893,331.25,7787.7,19,16306.35,24425.3,13928.21,10497.09,1285.54
BR019,2023-08,762,902807.7115022386,879,333.75,7523.2699999999995,19,16523.76,24380.78,17269.18,7111.6,1283.2
BR019,2023-09,756,891421.6562674594,758,271.48,7428.42,19,16741.18,24441.08,14589.16,9851.92,1286.37
BR019,2023-10,752,876071.9705818844,791,298.72,7300.63,19,16958.6,24557.95,16743.86,7814.09,1292.52
BR019,2023-11,737,894817.1931000047,806,300.9,7456.88,19,17176.02,24933.8,16945.63,7988.17,1312.31
BR019,2023-12,734,913842.716141394,839,310.21,7615.37,19,17393.44,25319.02,13869.55,11449.47,1332.58
BR019,2024-01,727,938359.3938364689,823,304.11,7819.7300000000005,19,17610.85,25734.69,14892.55,10842.14,1354.46
BR019,2024-02,722,954027.2216607253,886,334.95,7950.16,19,17828.27,26113.38,14189.0,11924.38,1374.39
BR019,2024-03,714,969784.1694873703,864,329.23,8081.54,19,18045.69,26456.46,13889.83,12566.63,1392.45
BR019,2024-04,703,963022.7946749041,868,323.72,8025.19,19,18263.11,26612.02,16848.08,9763.94,1400.63
BR019,2024-05,693,950577.700257725,834,329.5,7921.53,19,18480.53,26731.56,15012.26,11719.3,1406.92
BR019,2024-06,683,921216.7886924262,760,278.2,7676.76,19,18697.94,26652.9,16731.22,9921.68,1402.78
BR019,2024-07,677,897642.5510507848,740,275.71,7480.34,19,18915.36,26671.41,15762.79,10908.62,1403.76
BR019,2024-08,669,885137.6188133274,698,270.24,7376.27,19,19132.78,26779.29,16930.4,9848.89,1409.44
BR019,2024-09,665,881603.6796692275,681,258.61,7346.83,19,19350.2,26955.64,15562.28,11393.36,1418.72
BR019,2024-10,659,898312.449836307,669,250.41,7485.96,19,19567.62,27303.99,16507.04,10796.95,1437.05
BR019,2024-11,651,921033.9042749766,771,298.14,7675.34,19,19785.03,27758.51,18568.58,9189.93,1460.97
BR019,2024-12,646,953004.3983351089,746,274.28,7941.72,19,20002.45,28218.45,14866.79,13351.66,1485.18
BR020,2023-01,808,985179.7551508709,916,340.97,8209.84,39,16665.75,25216.56,34353.56,-9137.0,646.58
BR020,2023-02,808,1020731.3171873994,911,353.05,8506.22,39,16907.28,25766.55,34608.76,-8842.21,660.68
BR020,2023-03,808,1039976.0418819191,843,319.76,8666.48,39,17148.82,26135.06,32158.61,-6023.55,670.13
BR020,2023-04,808,1051300.412599159,996,370.17,8760.81,39,17390.35,26521.33,34975.93,-8454.6,680.03
BR020,2023-05,808,1044798.3560893426,997,372.25,8706.59,39,17631.88,26710.72,36049.53,-9338.81,684.89
BR020,2023-06,808,1012856.2403306125,892,340.28,8440.49,39,17873.41,26654.18,34075.18,-7421.0,683.44
BR020,2023-07,802,986298.4680289899,895,332.56,8219.27,39,18114.95,26666.78,34829.91,-8163.13,683.76
BR020,2023-08,786,956296.5321690864,833,313.71999999999997,7969.07,39,18356.48,26639.27,36569.87,-9930.6,683.06
BR020,2023-09,783,937359.0484344832,810,304.8,7811.27,39,18598.01,26714.08,36221.28,-9507.2,684.98
BR020,2023-10,775,937921.9294146223,775,300.12,7815.93,39,18839.54,26955.59,34783.55,-7827.96,691.17
BR020,2023-11,767,948351.6389622816,880,329.27,7902.96,39,19081.08,27313.31,32972.42,-5659.11,700.34
BR020,2023-12,760,971927.5097662774,832,307.65,8099.35,39,19322.61,27729.61,31210.83,-3481.22,711.02
BR020,2024-01,752,990734.0552363007,836,308.26,8256.25,39,19564.14,28128.65,30901.54,-2772.89,721.25
BR020,2024-02,743,1017515.0134139231,839,317.66,8479.38,39,19805.67,28602.71,30858.23,-2255.52,733.4
BR020,2024-03,737,1036120.8777686986,870,329.63,8634.4,39,20047.21,29011.24,30412.91,-1401.67,743.88
BR020,2024-04,732,1039581.053777193,796,292.32,8663.2,39,20288.74,29244.26,32692.28,-3448.02,749.85
BR020,2024-05,723,1031525.702385188,869,323.16,8596.06,39,20530.27,29449.49,27889.62,1559.87,755.12
BR020,2024-06,717,1014411.408427596,778,283.29,8453.42,39,20771.8,29508.51,31179.59,-1671.08,756.63
BR020,2024-07,714,986337.3820053567,769,284.26,8219.41,39,21013.34,29517.01,31957.02,-2440.01,756.85
BR020,2024-08,709,966004.3920061407,758,288.97,8050.07,39,21254.87,29593.91,31905.83,-2311.92,758.82
BR020,2024-09,700,962994.58912351,742,286.95,8025.01,39,21496.4,29808.36,30777.58,-969.22,764.32
BR020,2024-10,686,975276.6991207727,732,277.46,8127.24,39,21737.94,30142.64,31614.8,-1472.16,772.89
BR020,2024-11,682,1005399.4410124626,766,295.77,8378.33,39,21979.47,30653.57,37693.24,-7039.67,785.99
BR020,2024-12,677,1034128.0729508537,758,277.89,8617.69,39,22221.0,31116.58,33662.83,-2546.25,797.86
BR021,2023-01,788,953962.3286151432,874,321.42,7949.67,35,16653.03,24924.12,25488.95,-564.83,712.12
BR021,2023-02,788,980231.697662241,960,361.96,8168.52,35,16894.38,25424.86,27653.37,-2228.51,726.42
BR021,2023-03,788,1002997.4945390875,985,366.84,8358.27,35,17135.73,25860.84,26644.73,-783.89,738.88
BR021,2023-04,788,1012717.255806286,948,367.84,8439.31,35,17377.08,26184.23,29056.44,-2872.21,748.12
BR021,2023-05,788,1011150.3760433157,930,340.67,8426.28,35,17618.43,26385.38,24403.37,1982.01,753.87
BR021,2023-06,788,981590.6490405096,958,364.03,8179.91,35,17859.78,26403.72,31762.42,-5358.7,754.39
BR021,2023-07,780,950257.1131149281,852,316.27,7918.83,35,18101.12,26336.22,33693.3,-7357.08,752.46
BR021,2023-08,773,922852.0854552191,868,329.42,7690.5,35,18342.47,26362.39,32936.82,-6574.43,753.21
BR021,2023-09,762,900384.071785899,754,285.36,7503.25,35,18583.82,26372.43,24157.14,2215.29,753.5
BR021,2023-10,755,898652.6780965084,798,300.53,7488.72,35,18825.17,26614.42,31725.27,-5110.85,760.41
BR021,2023-11,744,905840.8147620688,838,319.24,7548.75,35,19066.52,26934.51,31133.08,-4198.57,769.56
BR021,2023-12,741,921621.525293424,785,293.44,7680.21,35,19307.86,27281.51,30009.98,-2728.47,779.47
BR021,2024-01,735,945343.954901887,842,318.21,7877.91,35,19549.21,27745.33,31681.92,-3936.59,792.72
BR021,2024-02,731,965782.2141117265,821,294.53,8048.15,35,19790.56,28133.24,26108.44,2024.8,803.81
BR021,2024-03,722,981517.0754466478,841,313.86,8179.2,35,20031.91,28524.97,24646.54,3878.43,815.0
BR021,2024-04,713,984265.1154924257,857,322.26,8202.26,35,20273.26,28797.78,28344.39,453.39,822.79
BR021,2024-05,712,966355.767561116,901,331.08,8052.93,35,20514.61,28898.62,29200.99,-302.37,825.67
BR021,2024-06,704,938091.1236071878,762,291.28,7817.31,35,20755.95,28864.54,23387.67,5476.87,824.7
BR021,2024-07,697,907924.5298922207,827,319.7,7566.12,35,20997.3,28883.12,27656.04,1227.08,825.23
BR021,2024-08,693,892258.9471870976,714,270.61,7435.42,35,21238.65,28944.68,32333.23,-3388.55,826.99
BR021,2024-09,684,882906.9518618764,720,269.14,7357.62,35,21480.0,29106.76,33239.3,-4132.54,831.62
BR021,2024-10,677,885435.6995778569,731,266.99,7378.67,35,21721.35,29367.01,23962.13,5404.88,839.06
BR021,2024-11,666,912862.6955221054,715,274.2,7607.39,35,21962.7,29844.29,33888.74,-4044.45,852.69
BR021,2024-12,659,945684.0098648553,775,290.93,7880.61,35,22204.04,30375.58,33552.37,-3176.79,867.87
BR022,2023-01,763,931064.6442489992,835,307.6,7758.98,7,16347.31,24413.89,6418.37,17995.52,3487.7
BR022,2023-02,763,962375.8161684523,901,346.76,8019.76,7,16584.23,24950.75,5604.92,19345.83,3564.39
BR022,2023-03,763,978157.6469044635,857,318.66,8151.41,7,16821.15,25291.22,7164.64,18126.58,3613.03
BR022,2023-04,763,996269.7854600156,874,328.27,8302.35,7,17058.06,25688.68,6994.24,18694.44,3669.81
BR022,2023-05,763,979167.7780299771,915,344.74,8159.84,7,17294.98,25799.56,6986.0,18813.56,3685.65
BR022,2023-06,763,959718.0228055042,840,308.71,7997.67,7,17531.9,25838.28,6325.8,19512.48,3691.18
BR022,2023-07,760,922843.1329604397,867,325.13,7690.26,7,17768.82,25784.21,6760.68,19023.53,3683.46
BR022,2023-08,753,894501.1559433935,805,302.01,7454.29,7,18005.73,25762.03,6155.47,19606.56,3680.29
BR022,2023-09,747,871528.3538246446,806,293.49,7262.77,7,18242.65,25798.91,5928.22,19870.69,3685.56
BR022,2023-10,737,869832.1943178666,789,296.14,7248.65,7,18479.57,26024.36,6835.0,19189.36,3717.77
BR022,2023-11,724,877620.8222310953,730,273.27,7313.47,7,18716.49,26303.23,6403.68,19899.55,3757.6
BR022,2023-12,721,899681.9657132506,775,292.01,7497.24,7,18953.41,26742.66,6020.55,20722.11,3820.38
BR022,2024-01,718,927763.0221931807,804,299.28,7731.27,7,19190.32,27220.87,7166.09,20054.78,3888.7
BR022,2024-02,714,942638.3750148615,832,306.91,7855.3,7,19427.24,27589.45,7092.39,20497.06,3941.35
BR022,2024-03,706,959639.1853444241,826,319.59,7996.94,7,19664.16,27980.69,5694.14,22286.55,3997.24
BR022,2024-04,704,959303.2220584567,788,293.4,7993.99,7,19901.08,28188.47,7244.16,20944.31,4026.92
BR022,2024-05,701,946648.5157208547,797,293.93,7888.65,7,20137.99,28320.57,6754.43,21566.14,4045.8
BR022,2024-06,697,922499.7040322736,776,293.97,7687.47,7,20374.91,28356.35,6773.29,21583.06,4050.91
BR022,2024-07,690,900890.3578632239,714,269.08,7507.36,7,20611.83,28388.27,6915.84,21472.43,4055.47
BR022,2024-08,686,874439.2802776663,709,277.43,7286.85,7,20848.75,28413.03,6720.27,21692.76,4059.0
BR022,2024-09,679,873814.0093537965,679,253.53,7281.79,7,21085.66,28620.98,6095.01,22525.97,4088.71
BR022,2024-10,673,880699.391706943,685,260.05,7339.2,7,21322.58,28921.83,6438.65,22483.18,4131.69
BR022,2024-11,665,899650.5672279516,706,270.06,7497.05,7,21559.5,29326.61,6958.39,22368.22,4189.52
BR022,2024-12,660,935945.0110997001,780,297.03,7799.53,7,21796.42,29892.98,7764.66,22128.32,4270.43
BR023,2023-01,787,873223.7650326642,887,335.75,7276.91,13,15943.98,23556.64,10571.16,12985.48,1812.05
BR023,2023-02,787,899399.5161330668,882,328.5,7495.02,13,16175.06,23998.58,10171.27,13827.31,1846.04
BR023,2023-03,787,912909.4288602384,869,323.53,7607.38,13,16406.13,24337.04,12946.21,11390.83,1872.08
BR023,2023-04,787,924474.4766218956,914,338.54,7703.99,13,16637.2,24679.73,11140.78,13538.95,1898.44
BR023,2023-05,787,911063.5445897279,829,303.29,7592.22,13,16868.27,24763.78,13434.03,11329.75,1904.91
BR023,2023-06,787,900531.8471032387,885,340.48,7504.45,13,17099.35,24944.28,10322.19,14622.09,1918.79
BR023,2023-07,777,871494.6339464908,878,325.94,7262.54,13,17330.42,24918.9,12152.24,12766.66,1916.84
BR023,2023-08,770,849260.7651135505,803,298.4,7077.13,13,17561.49,24937.02,12035.92,12901.1,1918.23
BR023,2023-09,760,835022.4999127077,766,285.57,6958.69,13,17792.56,25036.82,11026.82,14010.0,1925.91
BR023,2023-10,754,827369.5145724997,774,289.44,6894.76,13,18023.63,25207.83,11231.59,13976.24,1939.06
BR023,2023-11,743,829457.1680998768,777,286.71,6912.09,13,18254.71,25453.51,10332.16,15121.35,1957.96
BR023,2023-12,733,850440.3379556886,775,288.11,7086.85,13,18485.78,25860.74,11480.46,14380.28,1989.29
BR023,2024-01,724,871492.8574614337,801,302.22,7262.37,13,18716.85,26281.44,9439.13,16842.31,2021.65
BR023,2024-02,719,894268.9731004703,811,308.53,7452.31,13,18947.92,26708.76,10795.85,15912.91,2054.52
BR023,2024-03,714,897124.1053230601,802,310.85,7476.0199999999995,13,19179.0,26965.87,10318.04,16647.83,2074.3
BR023,2024-04,706,895200.3308711101,807,295.72,7460.0,13,19410.07,27165.79,11284.92,15880.87,2089.68
BR023,2024-05,703,875040.0413361561,785,292.59,7291.95,13,19641.14,27225.68,9965.3,17260.38,2094.28
BR023,2024-06,693,849521.2638964176,762,293.58,7079.23,13,19872.21,27245.02,12317.78,14927.24,2095.77
BR023,2024-07,682,824961.1042409822,733,277.51,6874.56,13,20103.28,27255.35,10399.38,16855.97,2096.57
BR023,2024-08,677,798990.7244613299,692,259.3,6658.2699999999995,13,20334.36,27251.93,12386.52,14865.41,2096.3
BR023,2024-09,670,801776.669712612,643,243.21,6681.41,13,20565.43,27490.05,11054.81,16435.24,2114.62
BR023,2024-10,663,807772.5338651564,646,248.42,6731.47,13,20796.5,27776.39,11232.69,16543.7,2136.65
BR023,2024-11,651,828739.0863355227,652,243.32,6906.2,13,21027.57,28177.09,10628.09,17549.0,2167.47
BR023,2024-12,645,863797.9405880558,680,263.39,7198.43,13,21258.65,28720.47,12590.73,16129.74,2209.27
BR024,2023-01,811,916411.3531545895,930,340.27,7636.68,33,16237.35,24214.3,23669.58,544.72,733.77
BR024,2023-02,811,944913.1812992122,888,343.43,7874.19,33,16472.68,24690.3,24951.56,-261.26,748.19
BR024,2023-03,811,968124.8085357557,983,367.01,8067.68,33,16708.0,25142.69,30841.75,-5699.06,761.9
BR024,2023-04,811,967024.4688941167,933,337.85,8058.45,33,16943.32,25339.62,23918.89,1420.73,767.87
BR024,2023-05,811,962238.696599357,949,348.37,8018.65,33,17178.65,25545.67,30404.87,-4859.2,774.11
BR024,2023-06,811,943343.7327339699,956,360.51,7861.02,33,17413.97,25635.5,24178.13,1457.37,776.83
BR024,2023-07,801,910161.0783937952,940,350.0,7584.68,33,17649.3,25583.98,28146.65,-2562.67,775.27
BR024,2023-08,793,887013.8697066088,870,329.4,7391.67,33,17884.62,25605.69,23566.52,2039.17,775.93
BR024,2023-09,785,876493.7132268217,837,313.76,7304.19,33,18119.94,25737.89,31116.86,-5378.97,779.94
BR024,2023-10,779,866023.2306315892,811,293.38,7216.85,33,18355.27,25865.5,28531.76,-2666.26,783.8
BR024,2023-11,775,878183.7659519835,800,303.5,7318.12,33,18590.59,26212.21,30190.43,-3978.22,794.31
BR024,2023-12,766,898946.84234744,849,323.82,7491.28,33,18825.92,26641.02,32060.98,-5419.96,807.3
BR024,2024-01,757,928504.4683014434,866,328.24,7737.56,33,19061.24,27127.04,32253.68,-5126.64,822.03
BR024,2024-02,751,950778.1977391865,854,319.31,7923.15,33,19296.56,27539.02,30645.13,-3106.11,834.52
BR024,2024-03,749,957126.8896784175,842,313.43,7976.07,33,19531.89,27821.39,25961.54,1859.85,843.07
BR024,2024-04,741,969779.4137197485,898,331.37,8081.4,33,19767.21,28179.98,28691.86,-511.88,853.94
BR024,2024-05,736,947287.9762689627,819,298.38,7894.14,33,20002.54,28195.06,31348.24,-3153.18,854.4
BR024,2024-06,725,922115.671827427,830,325.12,7684.31,33,20237.86,28247.29,27617.75,629.54,855.98
BR024,2024-07,714,896028.3203008826,763,284.81,7466.91,33,20473.18,28224.9,26541.83,1683.07,855.3
BR024,2024-08,706,883287.1622128161,704,255.45,7360.7,33,20708.51,28324.66,22187.87,6136.79,858.32
BR024,2024-09,704,878036.3238090661,727,276.38,7316.92,33,20943.83,28537.13,24918.36,3618.77,864.76
BR024,2024-10,692,884195.6260445031,674,254.18,7368.4,33,21179.16,28801.74,27330.34,1471.4,872.78
BR024,2024-11,683,909827.5390111352,732,268.07,7581.83,33,21414.48,29264.38,24001.31,5263.07,886.8
BR024,2024-12,678,948502.6173137273,792,316.22,7904.13,33,21649.8,29870.15,26207.87,3662.28,905.16
BR025,2023-01,838,1017355.3895556089,916,347.54,8478.05,7,16526.13,25351.72,7860.42,17491.3,3621.67
BR025,2023-02,838,1051829.589249285,935,351.18,8765.15,7,16765.64,25881.97,6293.64,19588.33,3697.42
BR025,2023-03,838,1077879.2015318468,1034,386.11,8982.2,7,17005.15,26373.46,6480.71,19892.75,3767.64
BR025,2023-04,838,1083522.9353841995,1006,373.22,9029.37,7,17244.66,26647.25,5602.12,21045.13,3806.75
BR025,2023-05,838,1081936.455071212,975,358.85,9016.2,7,17484.17,26859.22,6549.36,20309.86,3837.03
BR025,2023-06,838,1052738.0708736992,977,372.4,8772.76,7,17723.68,26868.84,6741.83,20127.01,3838.41
BR025,2023-07,832,1031565.3954175159,915,344.18,8596.28,7,17963.19,26903.65,5473.5,21430.15,3843.38
BR025,2023-08,827,1001663.293956603,879,330.96,8347.16,7,18202.7,26880.82,7109.69,19771.13,3840.12
BR025,2023-09,819,990487.83819582,871,312.95,8254.08,7,18442.2,27009.23,6034.79,20974.44,3858.46
BR025,2023-10,815,981536.8460795899,858,320.55,8179.44,7,18681.71,27181.7,5963.89,21217.81,3883.1
BR025,2023-11,805,995593.5756478669,838,316.71,8296.45,7,18921.22,27534.38,6806.09,20728.29,3933.48
BR025,2023-12,792,1014405.5632627674,796,306.63,8453.27,7,19160.73,27920.63,5732.73,22187.9,3988.66
BR025,2024-01,788,1052987.821629145,865,328.37,8774.86,7,19400.24,28503.47,7573.67,20929.8,4071.92
BR025,2024-02,780,1066384.6919161766,855,321.22,8886.62,7,19639.75,28847.59,6182.14,22665.45,4121.08
BR025,2024-03,771,1092181.923036923,843,322.36,9101.49,7,19879.26,29303.11,7075.78,22227.33,4186.16
BR025,2024-04,768,1087331.4888167095,856,324.49,9061.06,7,20118.77,29504.32,6859.26,22645.06,4214.9
BR025,2024-05,756,1069288.4259459926,827,303.43,8910.7,7,20358.28,29572.41,6039.71,23532.7,4224.63
BR025,2024-06,753,1056339.9904449666,833,306.64,8802.74,7,20597.79,29707.17,5981.94,23725.23,4243.88
BR025,2024-07,749,1030458.0402218236,755,286.05,8587.2,7,20837.3,29710.55,7499.15,22211.4,4244.36
BR025,2024-08,742,1008360.4228892289,729,279.0,8402.97,7,21076.81,29758.78,6803.51,22955.27,4251.25
BR025,2024-09,736,991248.8606267321,782,287.39,8260.35,7,21316.31,29864.05,6697.69,23166.36,4266.29
BR025,2024-10,730,1012988.2425978613,752,289.98,8441.72,7,21555.82,30287.52,6949.67,23337.85,4326.79
BR025,2024-11,723,1036345.6465593289,736,284.07,8636.23,7,21795.33,30715.63,7347.04,23368.59,4387.95
BR025,2024-12,716,1083276.266209674,818,304.5,9027.42,7,22034.84,31366.76,7328.61,24038.15,4480.97
